<?xml version="1.0" encoding="UTF-8"?>
<project-private xmlns="http://www.netbeans.org/ns/project-private/1">
    <editor-bookmarks xmlns="http://www.netbeans.org/ns/editor-bookmarks/2" lastBookmarkId="0"/>
    <open-files xmlns="http://www.netbeans.org/ns/projectui-open-files/2">
        <group>
            <file>file:/C:/Users/CC/Documents/NetBeansProjects/BestBrightness2023/src/CustomerMenu.java</file>
            <file>file:/C:/Users/CC/Documents/NetBeansProjects/BestBrightness2023/src/StoreManagerMenu.java</file>
            <file>file:/C:/Users/CC/Documents/NetBeansProjects/BestBrightness2023/src/WarehouseMenu.java</file>
            <file>file:/C:/Users/CC/Documents/NetBeansProjects/BestBrightness2023/src/Home.java</file>
            <file>file:/C:/Users/CC/Documents/NetBeansProjects/BestBrightness2023/src/SalesMenu.java</file>
            <file>file:/C:/Users/CC/Documents/NetBeansProjects/BestBrightness2023/src/bestbrightness2023/BestBrightness2023.java</file>
        </group>
    </open-files>
</project-private>
